usfID,personID,thetaL0,thetaR0,distL0,distR0,thetaL1,thetaR1,distL1,distR1,thetaL2,thetaR2,distL2,distR2,thetaL3,thetaR3,distL3,distR3,thetaTotal,distTotal
7252003,10,4.48364912569388,3.78298497816551,7.80318414407879,9.68893650498702,0.963324850772352,8.51222350313673,8.24390719923061,8.66065365411669,0.618423317026201,0.487896178089407,5.83729278051877,6.55490111821952,0.589217955799681,0.98697428125302,8.06987879873161,9.14836511860352,20.4246941899368,64.0071193184865
7252001,6,3.87698259981465,6.37579794958013,13.66490642664,13.1418369248816,13.2758519555367,2.92752198389379,30.5049122168482,36.1999838671165,13.0393979022644,2.28187564584121,29.3378212627867,34.7035554807869,1.13195330032869,1.2716226664942,15.4327179708039,16.8784116369302,44.1810040037538,189.864145786794
7252005,3,23.2687020736417,18.441154446643,24.7480435630945,45.154622065767,8.80514432835523,8.15053996637204,24.3386928479631,31.0946782146385,5.47103748121394,2.50335679868407,18.4684914631648,18.9122140842787,4.97941009576997,6.05050971920667,30.7310725721683,23.3539000716463,77.6698549098866,216.801714882721
7252004,2,36.6542455675069,29.1061003905531,35.1525903007773,40.9266151832589,15.1149057146894,25.9791771992811,36.3196440942797,35.3133030738834,4.24802765433155,2.37885198528607,29.1097288202476,27.0051989940837,8.78687186011442,8.38899117289117,39.6034434110406,37.9964726923172,130.657171544654,281.426996569889
7252010,9,31.6836769748356,25.4183862567829,37.9546565424553,27.5813387999126,9.40581608884314,11.6887110529188,33.7217940261639,27.7806950867653,2.67709293469551,2.63721243939603,21.7336798844913,23.6147538285411,18.3760852382519,25.2675598683519,35.8047937925006,37.0894676544575,127.154540854076,245.281179615288
7252008,1,53.5964249403658,57.1676383879972,120.243463230314,158.497605910093,51.4491965148333,49.3042151822186,132.752865987285,153.345117826553,54.8676363097473,45.2217779471369,127.485606339459,129.020653661139,35.8392557805704,31.2066472634404,126.779516589535,117.709831575781,378.65279232631,1065.83466112016
7252007,7,17.3474308559537,6.24747661753797,14.88053075988,9.11875335048657,12.2895280825806,4.79795968427802,13.4991309794085,9.69762931259601,0.964408186933206,0.966395517388234,9.71473002170583,8.76422124597232,3.22581111522071,4.36087160637213,10.7105390445669,9.3953205159524,50.1998816662646,85.7808552305684
