ID,angry,disgust,fear,happy,sad,surprise,neutral
7252001,19.8896332509253,0.035396991924573,1.95618671998687,8.51807114232962,56.487357802836,0.871119018065764,12.2422355754078
7252003,10.1196451827979,0.119022130744878,23.0681450743835,3.83237918930305,44.5838346649989,1.12089533339533,17.1560790037676
7252004,3.49122495839698,0.126013483587088,26.7528686672101,1.63974876686471,64.1714129095227,0.294474934318686,3.52425728400023
7252005,19.4239664504108,0.003875151838429,4.41764829418408,22.1352068693019,41.0358989491074,0.039416376143412,12.943988677666
7252007,26.7503659569878,0.329758899274705,20.0111104047342,12.2587989024986,22.9089789775381,1.76813125892453,15.972856090247
7252008,8.11279179023955,0.083529398725486,19.3316034718925,18.448905311638,39.032527240957,0.533022625284245,14.4576207719262
7252010,26.3940804294492,0.007254218714922,16.9014836062034,1.77776578596909,30.7903744439239,0.455599370079327,23.6734428831077
